original_filing_date,period_end_date,revenue,cogs,gross_profit,sga,rnd,special_charges,other_opex,total_opex,operating_income,interest_income,interest_expense,net_interest_income_normal,other_nonoperating_income,pretax_income,income_tax,net_income_continuing,net_income_discontinued,income_allocated_to_minority_interest,other_income_statement_items,net_income,preferred_dividends,net_income_available_to_shareholders,eps_basic,eps_diluted,shares_basic,shares_diluted,da_income_statement_supplemental,cash_and_equiv,st_investments,receivables,inventories,other_current_assets,total_current_assets,equity_and_other_investments,ppe_gross,accumulated_depreciation,ppe_net,intangible_assets,goodwill,other_lt_assets,total_assets,accounts_payable,tax_payable,current_accrued_liabilities,st_debt,current_capital_leases,current_deferred_revenue,current_deferred_tax_liability,other_current_liabilities,total_current_liabilities,lt_debt,noncurrent_capital_leases,pension_liabilities,noncurrent_deferred_revenue,other_lt_liabilities,total_liabilities,common_stock,preferred_stock,retained_earnings,aoci,apic,treasury_stock,minority_interest_liability,other_equity,total_equity,total_liabilities_and_equity,total_noncurrent_assets,total_noncurrent_liabilities,cfo_net_income,cfo_da,cfo_receivables,cfo_inventory,cfo_prepaid_expenses,cfo_other_working_capital,cfo_change_in_working_capital,cfo_deferred_tax,cfo_stock_comp,cfo_other_noncash_items,cf_cfo,cfi_ppe_purchases,cfi_ppe_sales,cfi_ppe_net,cfi_acquisitions,cfi_divestitures,cfi_acquisitions_net,cfi_investment_purchases,cfi_investment_sales,cfi_investment_net,cfi_intangibles_net,cfi_other,cf_cfi,cff_common_stock_issued,cff_common_stock_repurchased,cff_common_stock_net,cff_pfd_net,cff_debt_net,cff_dividend_paid,cff_other,cf_cff,cf_forex,cf_net_change_in_cash,capex,cff_pfd_issued,cff_pfd_repurchased,cff_debt_issued,cff_debt_repaid,ebitda,fcf,income_tax_rate,nopat,book_value,tangible_book_value,roa,roe,roic,roic_legacy,roce,rotce,gross_margin,ebitda_margin,operating_margin,pretax_margin,net_income_margin,fcf_margin,assets_to_equity,equity_to_assets,debt_to_equity,debt_to_assets,revenue_per_share,ebitda_per_share,operating_income_per_share,pretax_income_per_share,fcf_per_share,book_value_per_share,tangible_book_per_share,market_cap,enterprise_value,price_to_earnings,price_to_book,price_to_tangible_book,price_to_sales,price_to_fcf,price_to_pretax_income,enterprise_value_to_earnings,enterprise_value_to_book,enterprise_value_to_tangible_book,enterprise_value_to_sales,enterprise_value_to_fcf,enterprise_value_to_pretax_income,revenue_growth,gross_profit_growth,ebitda_growth,operating_income_growth,pretax_income_growth,net_income_growth,eps_diluted_growth,shares_diluted_growth,cash_and_equiv_growth,ppe_growth,total_assets_growth,total_equity_growth,cfo_growth,capex_growth,fcf_growth,dividends_per_share_growth,shares_eop_growth,gross_margin_median,pretax_margin_median,operating_income_margin_median,fcf_margin_median,roa_median,roe_median,roic_median,assets_to_equity_median,debt_to_assets_median,debt_to_equity_median,revenue_cagr_10,eps_diluted_cagr_10,total_assets_cagr_10,total_equity_cagr_10,fcf_cagr_10,dividends_per_share_cagr_10,cf_cfo_cagr_10,current_ratio,payout_ratio,peg_ratio,shares_eop_change,net_debt,shares_eop,dividends,period_end_price,roic_5yr_avg,fiscal_quarter_number,fiscal_quarter_key
2022-10-27,2022-06,460000000,231000000,229000000,40000000,179000000,0,0,219000000,10000000,3000000,-5000000,-2000000,0,8000000,-15000000,-7000000,0,0,0,-7000000,0,-7000000,0.0,0.0,795762000,795762000,138000000,774000000,0,1115000000,98000000,56000000,2043000000,0,406000000,-68000000,338000000,2789000000,10895000000,97000000,16162000000,138000000,0,0,3509000000,0,0,0,1083000000,4730000000,0,0,50000000,172000000,11000000,4963000000,11223000000,0,0,-24000000,0,0,0,0,11199000000,16162000000,14119000000,233000000,-7000000,138000000,-29000000,12000000,0,-11000000,-28000000,5000000,36000000,38000000,182000000,-26000000,0,-26000000,0,0,0,0,0,0,0,197000000,171000000,0,0,0,0,0,0,-324000000,-324000000,-3000000,26000000,-26000000,0,0,0,0,148000000,156000000,1.875,8125000,11199000000,-2485000000,-0.018,-0.026,-0.0198,-0.0209,-0.0133,-0.1591,0.4978,0.3217,0.0217,0.0173,-0.0152,0.3391,1.4431,0.6929,0.3133,0.2171,0.578,0.1859,0.0125,0.01,0.196,14.0733,-3.1227,0,-774000000,0.0,0.0,0.0,0.0,0.0,0.0,5.3013,-0.0691,0.3114,-0.5039,-4.3,7.5882,0.0,0.0,0.0,0.0,0.0,0.0,0.0,0.0,0.0,0.0,0.0,0.0,0.0,0.0,0.0,0,0.0006,,,,,,,,,,,0.0,0,0.0,0.0,0.0,0,0.0,0.4319,0,0,501000,2735000000,796263000,0,0.0,-0.05057142274527,2,FY2022.FQ2
2022-12-07,2022-09,450000000,233000000,217000000,36000000,206000000,0,0,242000000,-25000000,5000000,-10000000,-5000000,0,-30000000,-15000000,-45000000,0,0,0,-45000000,0,-45000000,-0.05,-0.05,796263000,796263000,138000000,871000000,0,1123000000,105000000,63000000,2162000000,0,429000000,-75000000,354000000,2658000000,10895000000,95000000,16164000000,160000000,0,0,3520000000,0,0,0,1100000000,4780000000,0,0,54000000,162000000,8000000,5004000000,11178000000,0,0,-18000000,0,0,0,0,11160000000,16164000000,14002000000,224000000,-45000000,138000000,-8000000,-7000000,0,51000000,36000000,-10000000,36000000,7000000,162000000,-26000000,0,-26000000,0,0,0,0,0,0,0,1000000,-25000000,0,0,0,0,0,0,-36000000,-36000000,-3000000,98000000,-26000000,0,0,0,0,113000000,136000000,0.0,-12500000,11160000000,-2393000000,-0.0102,-0.0147,-0.0112,-0.0118,-0.007,-0.0805,0.4822,0.2511,-0.0555,-0.0666,-0.1,0.3022,1.4483,0.6904,0.3154,0.2177,0.5651,0.1419,-0.0313,-0.0376,0.1707,14.0154,-3.0052,0,-871000000,0.0,0.0,0.0,0.0,0.0,0.0,5.2787,-0.078,0.3639,-0.5246,-2.7563,7.7767,0.3803,0.4183,6.65,-0.25,-0.5,-0.7307,-0.7272,0.0006,0.0,0.0,0.0,0.0,0.0,0.0,0.0,0,0.0,,,,,,,,,,,0.0,0,0.0,0.0,0.0,0,0.0,0.4523,0,0,0,2649000000,796263000,0,0.0,-0.05057142274527,3,FY2022.FQ3
2023-03-09,2022-12,565000000,265000000,300000000,52000000,224000000,0,0,276000000,24000000,9000000,1000000,10000000,0,34000000,-4000000,30000000,0,0,0,30000000,0,30000000,0.04,0.04,801912000,801912000,137000000,1024000000,0,269000000,113000000,110000000,1516000000,0,465000000,-81000000,384000000,2527000000,10895000000,119000000,15441000000,189000000,0,0,0,0,0,0,195000000,384000000,0,0,56000000,162000000,45000000,647000000,9000000,0,57000000,-9000000,14737000000,0,0,0,14794000000,15441000000,13925000000,263000000,30000000,137000000,-47000000,-8000000,0,-13000000,-68000000,-1000000,62000000,-9000000,151000000,-32000000,0,-32000000,0,0,0,0,0,0,0,900000000,868000000,0,0,0,0,0,0,-866000000,-866000000,0,153000000,-32000000,0,0,0,0,161000000,119000000,0.1176,20625000,14794000000,1372000000,-0.0051,-0.0063,-0.0055,-0.0059,-0.0024,-0.0247,0.5309,0.2849,0.0424,0.0601,0.053,0.2106,1.0437,0.958,0.0,0.0,0.7045,0.2007,0.0299,0.0423,0.1483,18.4484,1.7109,28115034720,27091034720,-342.8662,1.9004,20.492,15.0428,64.6322,-878.5948,-330.3784,1.8312,19.7456,14.4949,62.2782,-846.5948,0.587,0.948,4.659,1.5454,1.7391,1.566,1.597,0.0077,0.6623,0.2631,-0.0728,-0.0689,0.0,0.0,0.0,0,0.007,,,,,,,,,,,0.0,0,0.0,0.0,0.0,0,0.0,3.9479,0,0,5649000,-1024000000,801912000,0,35.06,-0.05057142274527,4,FY2022.FQ4
2023-05-11,2023-03,458000000,251000000,207000000,53000000,235000000,0,0,288000000,-81000000,0,8000000,8000000,0,-73000000,-6000000,-79000000,0,0,0,-79000000,0,-79000000,-0.1,-0.1,802000000,802000000,140000000,1161000000,0,239000000,173000000,82000000,1655000000,0,489000000,-88000000,401000000,2394000000,10895000000,117000000,15462000000,208000000,0,0,0,0,0,0,210000000,418000000,0,0,54000000,159000000,44000000,675000000,9000000,0,-22000000,0,14800000000,0,0,0,14787000000,15462000000,13807000000,257000000,-79000000,140000000,30000000,-60000000,0,51000000,21000000,-3000000,72000000,20000000,171000000,-26000000,0,-26000000,0,0,0,0,0,0,0,0,-26000000,0,0,0,0,0,0,-3000000,-3000000,-4000000,138000000,-26000000,0,0,0,0,59000000,145000000,0.0,-50625000,14787000000,1498000000,-0.0065,-0.0068,-0.0068,-0.0073,-0.0047,-0.0424,0.4519,0.1288,-0.1768,-0.1593,-0.1724,0.3165,1.0456,0.9563,0.0,0.0,0.571,0.0735,-0.1009,-0.091,0.1807,18.4376,1.8678,34698732240,33537732240,-343.5518,2.3465,23.1633,17.9507,62.4077,-568.8316,-332.0567,2.268,22.3883,17.35,60.3196,-549.7988,0.1624,0.1761,-0.4537,-0.7608,-0.659,-0.3166,-0.3333,0.0078,0.0,0.0,0.0,0.0,2.3529,0.037,5.0416,0,0.0,0.4493,-0.0306,-0.0277,0.0304,-0.0058,-0.0065,-0.0061,1.0414,0.0,0.0,0.0,0,0.0,0.0,0.0,0,0.0,3.9593,0,0,0,-1161000000,801912000,0,43.27,-0.05057142274527,1,FY2023.FQ1
2023-08-10,2023-06,454000000,230000000,224000000,46000000,211000000,0,0,257000000,-33000000,0,15000000,15000000,0,-18000000,-10000000,-28000000,0,0,0,-28000000,0,-28000000,-0.04,-0.04,805000000,805000000,126000000,1142000000,0,240000000,263000000,72000000,1717000000,0,518000000,-96000000,422000000,2276000000,10895000000,120000000,15430000000,208000000,0,0,0,0,0,0,173000000,381000000,0,0,55000000,152000000,42000000,630000000,8000000,0,-50000000,0,14842000000,0,0,0,14800000000,15430000000,13713000000,249000000,-28000000,126000000,-1000000,-90000000,0,-30000000,-121000000,-7000000,55000000,1000000,26000000,-32000000,0,-32000000,0,0,0,0,0,0,0,0,-32000000,0,0,0,0,0,0,-9000000,-9000000,-1000000,-16000000,-32000000,0,0,0,0,93000000,-6000000,0.0,-20625000,14800000000,1629000000,-0.0078,-0.0082,-0.0082,-0.0089,-0.0076,-0.0633,0.4933,0.2048,-0.0726,-0.0396,-0.0616,-0.0132,1.0425,0.9591,0.0,0.0,0.5639,0.1155,-0.0409,-0.0223,-0.0074,18.385,2.0236,30953534040,29811534040,-253.7174,2.0914,19.0015,16.063,78.5622,-355.7877,-244.3568,2.0142,18.3005,15.4704,75.6637,-342.6613,-0.013,-0.0218,-0.3716,-4.3,-3.25,-3.0,-3.4444,0.0116,0.4754,0.2485,-0.0452,0.3215,-0.8571,-0.2307,-1.0384,0,0.0046,0.4606,-0.0504,-0.0584,0.0304,-0.0072,-0.0075,-0.0075,1.0431,0.0,0.0,0.0,0,0.0,0.0,0.0,0,0.0,4.5065,0,0,3750000,-1142000000,805662000,0,38.42,-0.05057142274527,2,FY2023.FQ2
2023-11-09,2023-09,530000000,258000000,272000000,46000000,218000000,0,0,264000000,8000000,0,15000000,15000000,0,23000000,-6000000,17000000,0,0,0,17000000,0,17000000,0.02,0.02,806000000,810000000,120000000,1193000000,0,281000000,354000000,80000000,1908000000,0,531000000,-105000000,426000000,2165000000,10895000000,111000000,15505000000,221000000,0,0,0,0,0,0,170000000,391000000,0,0,53000000,149000000,39000000,632000000,8000000,0,-33000000,0,14898000000,0,0,0,14873000000,15505000000,13597000000,241000000,17000000,120000000,-23000000,-91000000,0,2000000,-112000000,-3000000,63000000,3000000,88000000,-17000000,0,-17000000,0,0,0,0,0,0,0,0,-17000000,0,0,0,0,0,0,-17000000,-17000000,-4000000,50000000,-17000000,0,0,0,0,128000000,71000000,0.2608,5000000,14873000000,1813000000,-0.0038,-0.004,-0.004,-0.0043,-0.0054,-0.0417,0.5132,0.2415,0.015,0.0433,0.032,0.1339,1.0424,0.9592,0.0,0.0,0.6543,0.158,0.0098,0.0283,0.0876,18.3617,2.2382,33475339200,32282339200,-557.9223,2.2507,18.464,16.6792,101.7487,-984.5688,-538.0389,2.1705,17.806,16.0848,98.1226,-949.4805,0.1777,0.2534,0.1327,1.32,1.7666,1.3777,1.3508,0.0172,0.3696,0.2033,-0.0407,0.3327,-0.4567,0.3461,-0.4779,0,0.0,0.4757,-0.0504,-0.0584,0.0974,-0.0072,-0.0075,-0.0075,1.0431,0.0,0.0,0.0,0,-0.0059,-0.0062,0.0,0,0.0,4.8797,0,0,2000,-1193000000,805664000,0,41.55,-0.05057142274527,3,FY2023.FQ3
2024-02-23,2023-12,637000000,293000000,344000000,46000000,225000000,0,0,271000000,73000000,0,11000000,11000000,0,84000000,-21000000,63000000,0,0,0,63000000,0,63000000,0.08,0.08,808000000,808000000,127000000,1212000000,0,357000000,391000000,106000000,2066000000,0,544000000,-97000000,447000000,2053000000,10895000000,116000000,15577000000,229000000,0,0,0,0,0,0,174000000,403000000,0,0,56000000,148000000,46000000,653000000,8000000,0,30000000,0,14886000000,0,0,0,14924000000,15577000000,13511000000,250000000,63000000,127000000,-94000000,-37000000,0,-9000000,-140000000,-1000000,62000000,-2000000,109000000,-23000000,0,-23000000,0,0,0,0,0,0,0,0,-23000000,0,0,0,0,0,0,-71000000,-71000000,4000000,19000000,-23000000,0,0,0,0,200000000,86000000,0.25,45625000,14924000000,1976000000,-0.0017,-0.0018,-0.0018,-0.0019,-0.0021,-0.0154,0.54,0.3139,0.1145,0.1318,0.0989,0.135,1.0437,0.958,0.0,0.0,0.7883,0.2475,0.0903,0.1039,0.1064,18.4702,2.4455,34922504640,33710504640,-1293.426,2.34,17.6733,16.7977,117.9814,2182.6565,-1248.5372,2.2588,17.0599,16.2147,113.8868,2106.9065,0.1274,0.1466,0.2422,2.0416,1.4705,1.1,1.0,0.0075,0.1835,0.164,0.0088,0.0087,-0.2781,0.2812,-0.2773,0,0.0006,0.4878,-0.0504,-0.0584,0.1344,-0.0072,-0.0075,-0.0075,1.0437,0.0,0.0,0.0,0,0.0,0.0,0.0,0,0.0,5.1265,0,0,488000,-1212000000,806152000,0,43.32,-0.05057142274527,4,FY2023.FQ4
2024-05-08,2024-03,239000000,185000000,54000000,49000000,243000000,0,0,292000000,-238000000,0,17000000,17000000,0,-221000000,3000000,-218000000,0,0,0,-218000000,0,-218000000,-0.27,-0.27,806000000,806000000,125000000,1223000000,0,120000000,456000000,132000000,1931000000,0,559000000,-105000000,454000000,1942000000,10895000000,120000000,15342000000,166000000,0,0,0,0,0,0,163000000,329000000,0,0,57000000,142000000,51000000,579000000,8000000,0,-188000000,0,14943000000,0,0,0,14763000000,15342000000,13411000000,250000000,-218000000,125000000,216000000,-65000000,0,-76000000,75000000,-6000000,62000000,2000000,40000000,-22000000,0,-22000000,0,0,0,0,0,0,0,0,-22000000,0,0,0,0,0,0,-4000000,-4000000,-2000000,12000000,-22000000,0,0,0,0,-113000000,18000000,0.0,-148750000,14763000000,1926000000,-0.0107,-0.0111,-0.0111,-0.0121,-0.0125,-0.0863,0.2259,-0.4728,-0.9958,-0.9246,-0.9121,0.0753,1.0392,0.9622,0.0,0.0,0.2965,-0.1401,-0.2952,-0.2741,0.0223,18.3163,2.3895,25920326650,24697326650,-156.1465,1.7557,13.4581,13.9356,153.3747,-196.3661,-148.779,1.6729,12.8231,13.2781,146.138,-187.1009,-0.4781,-0.7391,-2.9152,-1.9382,-2.0273,-1.7594,-1.7,0.0049,0.0534,0.1321,-0.0077,-0.0016,-0.766,0.1538,-0.8758,0,0.0001,0.4878,-0.0531,-0.0641,0.1344,-0.0086,-0.009,-0.009,1.0437,0.0,0.0,-0.0305,0,0.0,0.0,0.0,0,0.0,5.8693,0,0,79000,-1223000000,806231000,0,32.15,-0.05057142274527,1,FY2024.FQ1
2024-08-07,2024-06,439000000,230000000,209000000,47000000,256000000,0,0,303000000,-94000000,0,13000000,13000000,0,-81000000,-5000000,-86000000,0,0,0,-86000000,0,-86000000,-0.11,-0.11,806000000,806000000,127000000,1203000000,0,204000000,485000000,115000000,2007000000,0,576000000,-120000000,456000000,1831000000,10895000000,118000000,15307000000,171000000,0,0,0,0,0,0,175000000,346000000,0,0,55000000,137000000,50000000,588000000,8000000,0,-274000000,0,14985000000,0,0,0,14719000000,15307000000,13300000000,242000000,-86000000,127000000,-83000000,-29000000,0,41000000,-71000000,-5000000,62000000,3000000,30000000,-24000000,0,-24000000,0,0,0,0,0,0,0,-18000000,-42000000,0,0,0,0,0,0,-7000000,-7000000,-3000000,-22000000,-24000000,0,0,0,0,33000000,6000000,0.0,-58750000,14719000000,1993000000,-0.0146,-0.0151,-0.0151,-0.0165,-0.0167,-0.1138,0.476,0.0751,-0.2141,-0.1845,-0.1958,0.0136,1.0399,0.9615,0.0,0.0,0.5446,0.0409,-0.1166,-0.1004,0.0074,18.2617,2.4727,22727421145,21524421145,-101.4617,1.544,11.4036,12.3183,125.5658,-116.5508,-96.0911,1.4623,10.8,11.6663,118.9194,-110.3816,-0.033,-0.0669,-0.6451,-1.8484,-3.5,-2.0714,-1.75,0.0012,0.0534,0.0805,-0.0079,-0.0054,0.1538,0.25,2.0,0,0.0037,0.4878,-0.0531,-0.0641,0.1344,-0.009,-0.0097,-0.0097,1.0431,0.0,0.0,0.0211,0,-0.0084,-0.0076,0.0,0,0.0,5.8005,0,0,3006000,-1203000000,809237000,0,28.085,-0.05057142274527,2,FY2024.FQ2
2024-10-31,2024-09,486000000,249000000,237000000,46000000,303000000,0,0,349000000,-112000000,0,14000000,14000000,-2695000000,-2793000000,78000000,-2715000000,0,0,0,-2715000000,0,-2715000000,-3.35,-3.35,811000000,811000000,127000000,1293000000,0,223000000,457000000,126000000,2099000000,0,597000000,-136000000,461000000,1720000000,8200000000,123000000,12603000000,166000000,0,0,0,0,0,0,196000000,362000000,0,0,62000000,50000000,51000000,525000000,8000000,0,-2989000000,0,15059000000,0,0,0,12078000000,12603000000,10504000000,163000000,-2715000000,127000000,-20000000,28000000,0,21000000,29000000,-87000000,79000000,2693000000,126000000,-22000000,0,-22000000,0,0,0,0,0,0,0,-12000000,-34000000,0,0,0,0,0,0,-5000000,-5000000,3000000,90000000,-22000000,0,0,0,0,15000000,104000000,0.0,-70000000,12078000000,2158000000,-0.2118,-0.2206,-0.2206,-0.2432,-0.0272,-0.1628,0.4876,0.0308,-0.2304,-5.7469,-5.5864,0.2139,1.0434,0.9583,0.0,0.0,0.5992,0.0184,-0.1381,-3.4438,0.1282,14.8927,2.6609,11111357600,9818357600,-3.7589,0.9199,5.1489,6.1695,51.9222,-3.6902,-3.3215,0.8129,4.5497,5.4516,45.8801,-3.2608,-0.083,-0.1286,-0.8828,-15.0,-122.4347,-160.7058,-168.5,0.0012,0.0838,0.0821,-0.1871,-0.1879,0.4318,-0.2941,0.4647,0,0.0022,0.4905,-0.0531,-0.0641,0.1728,-0.009,-0.0097,-0.0097,1.0436,0.0,0.0,0.0212,0,0.0,0.0,0.1579,0,0.0946,5.7983,0,0,1811000,-1293000000,811048000,0,13.7,-0.05057142274527,3,FY2024.FQ3
