Date,Open
2024-12-12 00:00:00-05:00,101.0
2024-12-13 00:00:00-05:00,98.98999786376953
2024-12-16 00:00:00-05:00,100.0
2024-12-17 00:00:00-05:00,104.80000305175781
2024-12-18 00:00:00-05:00,111.23999786376953
2024-12-19 00:00:00-05:00,107.16999816894531
2024-12-20 00:00:00-05:00,106.0
2024-12-23 00:00:00-05:00,105.0
2024-12-24 00:00:00-05:00,102.80000305175781
2024-12-26 00:00:00-05:00,103.72000122070312
2024-12-27 00:00:00-05:00,107.33000183105469
2024-12-30 00:00:00-05:00,107.05000305175781
2024-12-31 00:00:00-05:00,104.29000091552734
2025-01-02 00:00:00-05:00,104.5
2025-01-03 00:00:00-05:00,102.98999786376953
2025-01-06 00:00:00-05:00,108.0
2025-01-07 00:00:00-05:00,102.76000213623047
2025-01-08 00:00:00-05:00,100.01000213623047
2025-01-10 00:00:00-05:00,98.63999938964844
2025-01-13 00:00:00-05:00,100.33000183105469
2025-01-14 00:00:00-05:00,98.0
